{
    "model": {
      "type": "minecraft:range_dispatch",
      "property": "minecraft:damage",
      "entries": [
        {
          "threshold": 0,
          "model": {
            "type": "minecraft:model",
            "model": "item/netherite_shovel/netherite_shovel_01"
          }
        },
        {
          "threshold": 0.9,
          "model": {
            "type": "minecraft:model",
            "model": "item/netherite_shovel/netherite_shovel_02"
          }
        },
        {
          "threshold": 0.95,
          "model": {
            "type": "minecraft:model",
            "model": "item/netherite_shovel/netherite_shovel_03"
          }
        }
      ]
    }
  }