{
    "parent": "item/handheld",
    "textures": {
        "layer0": "item/diamond_shovel"
    },
    "overrides": [
        {
            "predicate": {
                "damaged": 1,
                "damage": 0
            },
            "model": "item/diamond_shovel/diamond_shovel_01"
        },
        {
            "predicate": {
                "damaged": 1,
                "damage": 0.90
            },
            "model": "item/diamond_shovel/diamond_shovel_02"
        },
        {
            "predicate": {
                "damaged": 1,
                "damage": 0.95
            },
            "model": "item/diamond_shovel/diamond_shovel_03"
        }
    ]
}