{
    "parent": "item/handheld",
    "textures": {
        "layer0": "item/netherite_pickaxe"
    },
    "overrides": [
        {
            "predicate": {
                "damaged": 1,
                "damage": 0
            },
            "model": "item/netherite_pickaxe/netherite_pickaxe_01"
        },
        {
            "predicate": {
                "damaged": 1,
                "damage": 0.90
            },
            "model": "item/netherite_pickaxe/netherite_pickaxe_02"
        },
        {
            "predicate": {
                "damaged": 1,
                "damage": 0.95
            },
            "model": "item/netherite_pickaxe/netherite_pickaxe_03"

        }
    ]
}